caviling2002@protonmail.com	Brinda	17	"v_7|_"6
beland1859@protonmail.com	Monroe	38	hX+yODMC
euphonism1927@yandex.com	Elane	49	2qb_.,!;
bleaching1842@protonmail.com	Cleo	52	=&X3-r#A
clam1814@yandex.com	Raymon	39	)vHuzZ5<
infectionist1818@yahoo.com	Bao	17	|c.L~CTh
siennas2022@yahoo.com	Johnathan	41	!z98.@q6
phonophoric1811@outlook.com	Thurman	53	yEQZUlrx
chameleon1898@live.com	Elmer	41	T{WTzS?!
bronco1980@gmail.com	Tony	27	J~Nn#o3~
fatidical1997@protonmail.com	Britni	43	g0VU8,$U
deermeat1980@protonmail.com	Art	20	eO_Gtdwy
unlawyerlike1800@outlook.com	Dusty	25	{,0?*~Bg
incisors1859@yahoo.com	Marylyn	17	<l/p@sR(
agnar1844@gmail.com	Samella	19	XhB(Cnka
grasper1853@yandex.com	Lakendra	30	dfup.`Ph
adaptive2012@gmail.com	Leeanne	62	vgK"!d@M
biasing1979@live.com	Xavier	22	%kkfGAJs
almida1894@gmail.com	Alethea	39	1Q>^CObe
nonanarchic1992@yahoo.com	Barry	25	Dz$|Ahof
entails1820@protonmail.com	Lanny	27	r\vN|m}~
saltee1990@live.com	Refugio	46	sS1~aiHO
reasonable2014@yahoo.com	Janessa	23	WEy+l\s{
hermele1830@yandex.com	Porter	65	[Ae-Q@x'
yammering1879@live.com	Rolande	62	+{3}vvek
reinterference2022@outlook.com	Ricki	26	/^$M3yKU
claws1876@yahoo.com	Kristopher	64	\tDKZ;8w
denny1969@protonmail.com	Albert	48	l;TojM3[
jug2026@gmail.com	Erminia	16	3hI?3WE4
pastilled1808@yandex.com	Emmanuel	50	1(ZC{{od
